,StepId,StartDate_Seconds,EndDate_Seconds,TooLate_Weeks,SetupTime_Hours
0,A007,164247,167045,0.0,0
1,B007,167045,169614,0.0,0
2,C006,169843,172800,0.0,0
3,A008,167204,170002,0.0,0
4,B008,170002,172571,0.0,0
5,C007,172800,175757,0.0,0
6,A009,170161,172959,0.0,0
7,B009,172959,175528,0.0,0
8,C008,175757,178714,0.0,0
9,A010,173118,175916,0.0,0
10,B010,175916,178485,0.0,0
11,C087,178714,181671,0.0,0
12,A011,176075,178873,0.0,0
13,B011,178873,181442,0.0,0
14,C009,181671,184628,0.0,0
15,A012,179032,181830,0.0,0
16,B012,181830,184399,0.0,0
17,C352,184628,187585,0.0,0
18,A013,181989,184787,0.0,0
19,B013,184787,187356,0.0,0
20,C166,187585,190542,0.0,0
21,A014,184946,187744,0.0,0
22,B014,187744,190313,0.0,0
23,C010,190542,193499,0.0,0
24,A019,187903,190701,0.0,0
25,B017,190701,193270,0.0,0
26,C012,193499,196456,0.0,0
27,A020,190860,193658,0.0,0
28,B020,193658,196227,0.0,0
29,C016,196456,199413,0.0,0
30,A021,193817,196615,0.0,0
31,B021,196615,199184,0.0,0
32,C017,199413,202370,0.0,0
33,A022,196774,199572,0.0,0
34,B022,199572,202141,0.0,0
35,C018,202370,205327,0.0,0
36,A023,199731,202529,0.0,0
37,B024,202529,205098,0.0,0
38,C096,205327,208284,0.0,0
39,A024,202688,205486,0.0,0
40,B025,205486,208055,0.0,0
41,C019,208284,211241,0.0,0
42,A025,205645,208443,0.0,0
43,B023,208443,211012,0.0,0
44,C014,211241,214198,0.0,0
45,A026,208602,211400,0.0,0
46,B026,211400,213969,0.0,0
47,C020,214198,217155,0.0,0
48,A027,211559,214357,0.0,0
49,B027,214357,216926,0.0,0
50,C021,217155,220112,0.0,0
51,A028,214516,217314,0.0,0
52,B028,217314,219883,0.0,0
53,C022,220112,223069,0.0,0
54,A033,217473,220271,0.0,0
55,B033,220271,222840,0.0,0
56,C027,223069,226026,0.0,0
57,A034,220430,223228,0.0,0
58,B034,223228,225797,0.0,0
59,C028,226026,228983,0.0,0
60,A035,223387,226185,0.0,0
61,B035,226185,228754,0.0,0
62,C029,228983,231940,0.0,0
63,A036,226344,229142,0.0,0
64,B036,229142,231711,0.0,0
65,C030,231940,234897,0.0,0
66,A037,229301,232099,0.0,0
67,B037,232099,234668,0.0,0
68,C031,234897,237854,0.0,0
69,A038,232258,235056,0.0,0
70,B038,235056,237625,0.0,0
71,C032,237854,240811,0.0,0
72,A039,235215,238013,0.0,0
73,B039,238013,240582,0.0,0
74,C033,240811,243768,0.0,0
75,A040,238172,240970,0.0,0
76,B040,240970,243539,0.0,0
77,C034,243768,246725,0.0,0
78,A045,241129,243927,0.0,0
79,B045,243927,246496,0.0,0
80,C039,246725,249682,0.0,0
81,A046,244086,246884,0.0,0
82,B046,246884,249453,0.0,0
83,C040,249682,252639,0.0,0
84,A047,247043,249841,0.0,0
85,B047,249841,252410,0.0,0
86,C041,252639,255596,0.0,0
87,A048,250000,252798,0.0,0
88,B048,252798,255367,0.0,0
89,C042,255596,258553,0.0,0
90,A049,252957,255755,0.0,0
91,B049,255755,258324,0.0,0
92,C043,258553,261510,0.0,0
93,A050,255914,258712,0.0,0
94,B050,258712,261281,0.0,0
95,C186,261510,264467,0.0,0
96,A051,258871,261669,0.0,0
97,B051,261669,264238,0.0,0
98,C044,264467,267424,0.0,0
99,A052,261828,264626,0.0,0
100,B052,264626,267195,0.0,0
101,C045,267424,270381,0.0,0
102,A057,264785,267583,0.0,0
103,B056,267583,270152,0.0,0
104,C048,270381,273338,0.0,0
105,A058,267742,270540,0.0,0
106,B058,270540,273109,0.0,0
107,C051,273338,276295,0.0,0
108,A059,270699,273497,0.0,0
109,B059,273497,276066,0.0,0
110,C052,276295,279252,0.0,0
111,A060,273656,276454,0.0,0
112,B060,276454,279023,0.0,0
113,C053,279252,282209,0.0,0
114,A061,276613,279411,0.0,0
115,B061,279411,281980,0.0,0
116,C054,282209,285166,0.0,0
117,A062,279570,282368,0.0,0
118,B062,282368,284937,0.0,0
119,C055,285166,288123,0.0,0
120,A063,282527,285325,0.0,0
121,B063,285325,287894,0.0,0
122,C056,288123,291080,0.0,0
123,A064,285484,288282,0.0,0
124,B064,288282,290851,0.0,0
125,C057,291080,294037,0.0,0
126,A065,288441,291239,0.0,0
127,B065,291239,293808,0.0,0
128,C058,294037,296994,0.0,0
129,A071,291398,294196,0.0,0
130,B071,294196,296765,0.0,0
131,C063,296994,299951,0.0,0
132,A072,294355,297153,0.0,0
133,B072,297153,299722,0.0,0
134,C064,299951,302908,0.0,0
135,A073,297312,300110,0.0,0
136,B073,300110,302679,0.0,0
137,C066,302908,305865,0.0,0
138,A074,300269,303067,0.0,0
139,B074,303067,305636,0.0,0
140,C067,305865,308822,0.0,0
141,A075,303226,306024,0.0,0
142,B075,306024,308593,0.0,0
143,C099,308822,311779,0.0,0
144,A076,306183,308981,0.0,0
145,B076,308981,311550,0.0,0
146,C068,311779,314736,0.0,0
147,A077,309140,311938,0.0,0
148,B077,311938,314507,0.0,0
149,C069,314736,317693,0.0,0
150,A078,312097,314895,0.0,0
151,B078,314895,317464,0.0,0
152,C070,317693,320650,0.0,0
153,A083,315054,317852,0.0,0
154,B083,317852,320421,0.0,0
155,C076,320650,323607,0.0,0
156,A084,318011,320809,0.0,0
157,B084,320809,323378,0.0,0
158,C077,323607,326564,0.0,0
159,A085,320968,323766,0.0,0
160,B085,323766,326335,0.0,0
161,C320,326564,329521,0.0,0
162,A086,323925,326723,0.0,0
163,B086,326723,329292,0.0,0
164,C078,329521,332478,0.0,0
165,A087,326882,329680,0.0,0
166,B088,329680,332249,0.0,0
167,C079,332478,335435,0.0,0
168,A089,329839,332637,0.0,0
169,B089,332637,335206,0.0,0
170,C298,335435,338392,0.0,0
171,A090,332796,335594,0.0,0
172,B090,335594,338163,0.0,0
173,C365,338392,341349,0.0,0
174,A113,335753,338551,0.0,0
175,B113,338551,341120,0.0,0
176,C101,341349,344306,0.0,0
177,A114,338710,341508,0.0,0
178,B114,341508,344077,0.0,0
179,C102,344306,347263,0.0,0
180,A115,341667,344465,0.0,0
181,B115,344465,347034,0.0,0
182,C103,347263,350220,0.0,0
183,A116,344624,347422,0.0,0
184,B116,347422,349991,0.0,0
185,C104,350220,353177,0.0,0
186,A117,347581,350379,0.0,0
187,B117,350379,352948,0.0,0
188,C105,353177,356134,0.0,0
189,A118,350538,353336,0.0,0
190,B118,353336,355905,0.0,0
191,C106,356134,359091,0.0,0
192,A119,353495,356293,0.0,0
193,B120,356293,358862,0.0,0
194,C107,359091,362048,0.0,0
195,A121,356452,359250,0.0,0
196,B121,359250,361819,0.0,0
197,C109,362048,365005,0.0,0
198,A128,359409,362207,0.0,0
199,B128,362207,364776,0.0,0
200,C115,365005,367962,0.0,0
201,A129,362366,365164,0.0,0
202,B129,365164,367733,0.0,0
203,C116,367962,370919,0.0,0
204,A130,365323,368121,0.0,0
205,B130,368121,370690,0.0,0
206,C261,370919,373876,0.0,0
207,A131,368280,371078,0.0,0
208,B131,371078,373647,0.0,0
209,C322,373876,376833,0.0,0
210,A132,371237,374035,0.0,0
211,B133,374035,376604,0.0,0
212,C117,376833,379790,0.0,0
213,A133,374194,376992,0.0,0
214,B134,376992,379561,0.0,0
215,C118,379790,382747,0.0,0
216,A134,377151,379949,0.0,0
217,B136,379949,382518,0.0,0
218,C119,382747,385704,0.0,0
219,A136,380108,382906,0.0,0
220,B137,382906,385475,0.0,0
221,C120,385704,388661,0.0,0
222,A142,383065,385863,0.0,0
223,B142,385863,388432,0.0,0
224,C124,388661,391618,0.004659391534391534,0
225,A143,386022,388820,0.0,0
226,B143,388820,391389,0.0,0
227,C125,391618,394575,0.009548611111111112,0
228,A144,388979,391777,0.0,0
229,B144,391777,394346,0.0,0
230,C126,394575,397532,0.014437830687830687,0
231,A145,391936,394734,0.0,0
232,B145,394734,397303,0.0,0
233,C127,397532,400489,0.019327050264550262,0
234,A146,394893,397691,0.0,0
235,B146,397691,400260,0.0,0
236,C128,400489,403446,0.02421626984126984,0
237,A147,397850,400648,0.0,0
238,B147,400648,403217,0.0,0
239,C129,403446,406403,0.02910548941798942,0
240,A148,400807,403605,0.0,0
241,B148,403605,406174,0.0,0
242,C131,406403,409360,0.033994708994709,0
243,A149,403764,406562,0.0,0
244,B149,406562,409131,0.0,0
245,C132,409360,412317,0.03888392857142857,0
246,A154,406721,409519,0.0,0
247,B154,409519,412088,0.0,0
248,C334,412317,415274,0.04377314814814815,0
249,A155,409678,412476,0.0,0
250,B155,412476,415045,0.0,0
251,C136,415274,418231,0.048662367724867726,0
252,A156,412635,415433,0.0,0
253,B156,415433,418002,0.0,0
254,C137,418231,421188,0.05355158730158731,0
255,A157,415592,418390,0.0,0
256,B157,418390,420959,0.0,0
257,C138,421188,424145,0.058440806878306883,0
258,A158,418549,421347,0.0,0
259,B158,421347,423916,0.0,0
260,C139,424145,427102,0.06333002645502644,0
261,A159,421506,424304,0.0,0
262,B159,424304,426873,0.0,0
263,C140,427102,430059,0.06821924603174602,0
264,A164,424463,427261,0.0,0
265,B164,427261,429830,0.0,0
266,C362,430059,433016,0.07310846560846561,0
267,A165,427420,430218,0.0,0
268,B165,430218,432787,0.0,0
269,C146,433016,435973,0.07799768518518518,0
270,A166,430377,433175,0.0,0
271,B166,433175,435744,0.0,0
272,C147,435973,438930,0.08288690476190477,0
273,A167,433334,436132,0.0,0
274,B167,436132,438701,0.0,0
275,C361,438930,441887,0.08777612433862435,0
276,A168,436291,439089,0.0,0
277,B168,439089,441658,0.0,0
278,C148,441887,444844,0.09266534391534392,0
279,A169,439248,442046,0.0,0
280,B169,442046,444615,0.0,0
281,C149,444844,447801,0.0975545634920635,0
282,A170,442205,445003,0.0,0
283,B170,445003,447572,0.0,0
284,C150,447801,450758,0.10244378306878306,0
285,A171,445162,447960,0.0,0
286,B171,447960,450529,0.0,0
287,C151,450758,453715,0.10733300264550266,0
288,A175,448119,450917,0.0,0
289,B175,450917,453486,0.0,0
290,C155,453715,456672,0.11222222222222222,0
291,A176,451076,453874,0.0,0
292,B176,453874,456443,0.0,0
293,C254,456672,459629,0.11711144179894178,0
294,A177,454033,456831,0.0,0
295,B177,456831,459400,0.0,0
296,C269,459629,462586,0.12200066137566137,0
297,A178,456990,459788,0.0,0
298,B179,459788,462357,0.0,0
299,C356,462586,465543,0.12688988095238093,0
300,A179,459947,462745,0.0,0
301,B180,462745,465314,0.0,0
302,C158,465543,468500,0.13177910052910052,0
303,A015,462904,465702,0.0,0
304,B015,465702,468271,0.0,0
305,C011,468500,474993,0.14251488095238096,1
306,A016,469397,472195,0.0,0
307,B016,472195,474764,0.0,0
308,C013,474993,477886,0.14729828042328041,0
309,A017,472290,475088,0.0,0
310,B018,475088,477657,0.0,0
311,C184,477886,480779,0.1520816798941799,0
312,A018,475183,477981,0.0,0
313,B019,477981,480550,0.0,0
314,C015,480779,483672,0.15686507936507935,0
315,A029,478076,480874,0.0,0
316,B029,480874,483443,0.0,0
317,C023,483672,486565,0.16164847883597883,0
318,A030,480969,483767,0.0,0
319,B030,483767,486336,0.0,0
320,C024,486565,489458,0.1664318783068783,0
321,A031,483862,486660,0.0,0
322,B031,486660,489229,0.0,0
323,C025,489458,492351,0.17121527777777779,0
324,A032,486755,489553,0.0,0
325,B032,489553,492122,0.0,0
326,C026,492351,495244,0.17599867724867724,0
327,A041,489648,492446,0.0,0
328,B041,492446,495015,0.0,0
329,C035,495244,498137,0.18078207671957675,0
330,A042,492541,495339,0.0,0
331,B042,495339,497908,0.0,0
332,C036,498137,501030,0.1855654761904762,0
333,A043,495434,498232,0.0,0
334,B043,498232,500801,0.0,0
335,C037,501030,503923,0.19034887566137568,0
336,A044,498327,501125,0.0,0
337,B044,501125,503694,0.0,0
338,C038,503923,506816,0.19513227513227513,0
339,A053,501220,504018,0.0,0
340,B053,504018,506587,0.0,0
341,C046,506816,509709,0.1999156746031746,0
342,A054,504113,506911,0.0,0
343,B054,506911,509480,0.0,0
344,C047,509709,512602,0.20469907407407406,0
345,A055,507006,509804,0.0,0
346,B055,509804,512373,0.0,0
347,C049,512602,515495,0.20948247354497354,0
348,A056,509899,512697,0.0,0
349,B057,512697,515266,0.0,0
350,C050,515495,518388,0.214265873015873,0
351,A066,512792,515590,0.0,0
352,B066,515590,518159,0.0,0
353,C059,518388,521281,0.21904927248677245,0
354,A067,515685,518483,0.0,0
355,B067,518483,521052,0.0,0
356,C061,521281,524174,0.22383267195767198,0
357,A068,518578,521376,0.0,0
358,B069,521376,523945,0.0,0
359,C062,524174,527067,0.22861607142857146,0
360,A069,521471,524269,0.0,0
361,B070,524269,526838,0.0,0
362,C153,527067,529960,0.2333994708994709,0
363,A079,524364,527162,0.0,0
364,B079,527162,529731,0.0,0
365,C072,529960,532853,0.2381828703703704,0
366,A080,527257,530055,0.0,0
367,B080,530055,532624,0.0,0
368,C073,532853,535746,0.24296626984126984,0
369,A081,530150,532948,0.0,0
370,B081,532948,535517,0.0,0
371,C074,535746,538639,0.24774966931216932,0
372,A082,533043,535841,0.0,0
373,B082,535841,538410,0.0,0
374,C075,538639,541532,0.25253306878306875,0
375,A091,535936,538734,0.0,0
376,B091,538734,541303,0.0,0
377,C080,541532,544425,0.25731646825396826,0
378,A092,538829,541627,0.0,0
379,B092,541627,544196,0.0,0
380,C081,544425,547318,0.26209986772486776,0
381,A093,541722,544520,0.0,0
382,B093,544520,547089,0.0,0
383,C130,547318,550211,0.2668832671957672,0
384,A094,544615,547413,0.0,0
385,B094,547413,549982,0.0,0
386,C082,550211,553104,0.27166666666666667,0
387,A102,547508,550306,0.0,0
388,B102,550306,552875,0.0,0
389,C089,553104,555997,0.2764500661375661,0
390,A103,550401,553199,0.0,0
391,B103,553199,555768,0.0,0
392,C090,555997,558890,0.28123346560846557,0
393,A104,553294,556092,0.0,0
394,B104,556092,558661,0.0,0
395,C091,558890,561783,0.2860168650793651,0
396,A105,556187,558985,0.0,0
397,B105,558985,561554,0.0,0
398,C176,561783,564676,0.2908002645502646,0
399,A120,559080,561878,0.0,0
400,B119,561878,564447,0.0,0
401,C098,564676,567569,0.29558366402116404,0
402,A135,561973,564771,0.0,0
403,B132,564771,567340,0.0,0
404,C100,567569,570462,0.30036706349206355,0
405,A138,564866,567664,0.0,0
406,B138,567664,570233,0.0,0
407,C121,570462,573355,0.305150462962963,0
408,A139,567759,570557,0.0,0
409,B139,570557,573126,0.0,0
410,C122,573355,576248,0.30993386243386245,0
411,A140,570652,573450,0.0,0
412,B140,573450,576019,0.0,0
413,C312,576248,579141,0.3147172619047619,0
414,A141,573545,576343,0.0,0
415,B141,576343,578912,0.0,0
416,C123,579141,582034,0.31950066137566135,0
417,A150,576438,579236,0.0,0
418,B150,579236,581805,0.0,0
419,C133,582034,584927,0.32428406084656086,0
420,A151,579331,582129,0.0,0
421,B151,582129,584698,0.0,0
422,C134,584927,587820,0.3290674603174603,0
423,A152,582224,585022,0.0,0
424,B152,585022,587591,0.0,0
425,C359,587820,590713,0.33385085978835977,0
426,A153,585117,587915,0.0,0
427,B153,587915,590484,0.0,0
428,C135,590713,593606,0.3386342592592592,0
429,A160,588010,590808,0.0,0
430,B160,590808,593377,0.0,0
431,C141,593606,596499,0.3434176587301587,0
432,A161,590903,593701,0.0,0
433,B161,593701,596270,0.0,0
434,C142,596499,599392,0.3482010582010582,0
435,A162,593796,596594,0.0,0
436,B162,596594,599163,0.0,0
437,C143,599392,602285,0.35298445767195763,0
438,A163,596689,599487,0.0,0
439,B163,599487,602056,0.0,0
440,C145,602285,605178,0.35776785714285714,0
441,A172,599582,602380,0.0,0
442,B172,602380,604949,0.0,0
443,C152,605178,608071,0.36255125661375665,0
444,A173,602475,605273,0.0,0
445,B173,605273,607842,0.0,0
446,C154,608071,610964,0.3673346560846561,0
447,A174,605368,608166,0.0,0
448,B174,608166,610735,0.0,0
449,C366,610964,613857,0.37211805555555555,0
450,A180,608261,611059,0.0,0
451,B178,611059,613628,0.0,0
452,C144,613857,616750,0.376901455026455,0
453,A184,611154,613952,0.0,0
454,B184,613952,616521,0.0,0
455,C178,616750,619643,0.3816848544973545,0
456,A185,614047,616845,0.0,0
457,B185,616845,619414,0.0,0
458,C160,619643,622536,0.386468253968254,0
459,A192,616940,619738,0.0,0
460,B192,619738,622307,0.0,0
461,C165,622536,625429,0.3912516534391534,0
462,A193,619833,622631,0.0,0
463,B193,622631,625200,0.0,0
464,C167,625429,628322,0.3960350529100529,0
465,A194,622726,625524,0.0,0
466,B194,625524,628093,0.0,0
467,C168,628322,631215,0.4008184523809524,0
468,A195,625619,628417,0.0,0
469,B196,628417,630986,0.0,0
470,C169,631215,634108,0.4056018518518519,0
471,A203,628512,631310,0.0,0
472,B203,631310,633879,0.0,0
473,C179,634108,637001,0.41038525132275133,0
474,A204,631405,634203,0.0,0
475,B204,634203,636772,0.0,0
476,C180,637001,639894,0.4151686507936508,0
477,A205,634298,637096,0.0,0
478,B205,637096,639665,0.0,0
479,C181,639894,642787,0.4199520502645503,0
480,A206,637191,639989,0.0,0
481,B206,639989,642558,0.0,0
482,C187,642787,645680,0.42473544973544974,0
483,A212,640084,642882,0.0,0
484,B212,642882,645451,0.0,0
485,C193,645680,648573,0.4295188492063492,0
486,A213,642977,645775,0.0,0
487,B213,645775,648344,0.0,0
488,C250,648573,651466,0.43430224867724865,0
489,A001,645870,648616,0.0,0
490,B001,648668,651189,0.0,0
491,C363,651466,657905,0.44494874338624335,1
492,A002,652309,655055,0.0,0
493,B002,655107,657628,0.0,0
494,C001,657905,660744,0.4496428571428571,0
495,A003,655148,657894,0.0,0
496,B003,657946,660467,0.0,0
497,C002,660744,663583,0.4543369708994709,0
498,A004,657987,660733,0.0,0
499,B004,660785,663306,0.0,0
500,C003,663583,666422,0.45903108465608466,0
501,A005,660826,663572,0.0,0
502,B005,663624,666145,0.0,0
503,C004,666422,669261,0.46372519841269844,0
504,A006,663665,666411,0.0,0
505,B006,666463,668984,0.0,0
506,C005,669261,672100,0.4684193121693122,0
507,A095,666504,669250,0.0,0
508,B096,669302,671823,0.0,0
509,C083,672100,674939,0.4731134259259259,0
510,A097,669343,672089,0.0,0
511,B097,672141,674662,0.0,0
512,C084,674939,677778,0.4778075396825397,0
513,A098,672182,674928,0.0,0
514,B098,674980,677501,0.0,0
515,C085,677778,680617,0.4825016534391534,0
516,A099,675021,677767,0.0,0
517,B099,677819,680340,0.0,0
518,C086,680617,683456,0.4871957671957671,0
519,A100,677860,680606,0.0,0
520,B100,680658,683179,0.0,0
521,C287,683456,686295,0.491889880952381,0
522,A101,680699,683445,0.0,0
523,B101,683497,686018,0.0,0
524,C088,686295,689134,0.4965839947089947,0
525,A106,683538,686284,0.0,0
526,B106,686336,688857,0.0,0
527,C092,689134,691973,0.5012781084656085,0
528,A107,686377,689123,0.0,0
529,B107,689175,691696,0.0,0
530,C093,691973,694812,0.5059722222222223,0
531,A108,689216,691962,0.0,0
532,B108,692014,694535,0.0,0
533,C094,694812,697651,0.5106663359788359,0
534,A109,692055,694801,0.0,0
535,B109,694853,697374,0.0,0
536,C095,697651,700490,0.5153604497354497,0
537,A110,694894,697640,0.0,0
538,B110,697692,700213,0.0,0
539,C097,700490,703329,0.5200545634920635,0
540,A111,697733,700479,0.0,0
541,B112,700531,703052,0.0,0
542,C258,703329,706168,0.5247486772486774,0
543,A122,700572,703318,0.0,0
544,B122,703370,705891,0.0,0
545,C110,706168,709007,0.529442791005291,0
546,A123,703411,706157,0.0,0
547,B123,706209,708730,0.0,0
548,C259,709007,711846,0.5341369047619048,0
549,A124,706250,708996,0.0,0
550,B124,709048,711569,0.0,0
551,C112,711846,714685,0.5388310185185186,0
552,A125,709089,711835,0.0,0
553,B125,711887,714408,0.0,0
554,C221,714685,717524,0.5435251322751322,0
555,A126,711928,714674,0.0,0
556,B126,714726,717247,0.0,0
557,C113,717524,720363,0.548219246031746,0
558,A127,714767,717513,0.0,0
559,B127,717565,720086,0.0,0
560,C114,720363,723202,0.5529133597883598,0
561,A186,717606,720352,0.0,0
562,B186,720404,722925,0.0,0
563,C161,723202,726041,0.5576074735449735,0
564,A187,720445,723191,0.0,0
565,B187,723243,725764,0.0,0
566,C157,726041,728880,0.5623015873015873,0
567,A188,723284,726030,0.0,0
568,B188,726082,728603,0.0,0
569,C162,728880,731719,0.5669957010582011,0
570,A189,726123,728869,0.0,0
571,B189,728921,731442,0.0,0
572,C163,731719,734558,0.5716898148148148,0
573,A190,728962,731708,0.0,0
574,B190,731760,734281,0.0,0
575,C164,734558,737397,0.5763839285714285,0
576,A191,731801,734547,0.0,0
577,B191,734599,737120,0.0,0
578,C174,737397,740236,0.5810780423280423,0
579,A197,734640,737386,0.0,0
580,B197,737438,739959,0.0,0
581,C170,740236,743075,0.585772156084656,0
582,A198,737479,740225,0.0,0
583,B198,740277,742798,0.0,0
584,C171,743075,745914,0.5904662698412699,0
585,A199,740318,743064,0.0,0
586,B199,743116,745637,0.0,0
587,C172,745914,748753,0.5951603835978837,0
588,A200,743157,745903,0.0,0
589,B200,745955,748476,0.0,0
590,C173,748753,751592,0.5998544973544974,0
591,A201,745996,748742,0.0,0
592,B201,748794,751315,0.0,0
593,C175,751592,754431,0.6045486111111111,0
594,A202,748835,751581,0.0,0
595,B202,751633,754154,0.0,0
596,C177,754431,757270,0.6092427248677249,0
597,A207,751674,754420,0.0,0
598,B207,754472,756993,0.0,0
599,C188,757270,760109,0.6139368386243386,0
600,A070,754513,757311,0.0,0
601,B068,757311,759880,0.0,0
602,C060,760109,766666,0.0,1
603,A096,761070,763868,0.0,0
604,B095,763868,766437,0.0,0
605,C071,766666,769623,0.0,0
606,A181,764027,766825,0.0,0
607,B181,766825,769394,0.0,0
608,C183,769623,772580,0.0,0
609,A182,766984,769782,0.0,0
610,B182,769782,772351,0.0,0
611,C249,772580,775537,0.0,0
612,A183,769941,772739,0.0,0
613,B183,772739,775308,0.0,0
614,C159,775537,778494,0.0,0
615,A216,772898,775696,0.0,0
616,B216,775696,778265,0.0,0
617,C196,778494,781451,0.0,0
618,A217,775855,778653,0.0,0
619,B217,778653,781222,0.0,0
620,C218,781451,784408,0.0,0
621,A218,778812,781610,0.0,0
622,B218,781610,784179,0.0,0
623,C197,784408,787365,0.0,0
624,A219,781769,784567,0.0,0
625,B219,784567,787136,0.0,0
626,C198,787365,790322,0.0,0
627,A220,784726,787524,0.0,0
628,B220,787524,790093,0.0,0
629,C199,790322,793279,0.0,0
630,A221,787683,790481,0.0,0
631,B221,790481,793050,0.0,0
632,C200,793279,796236,0.0,0
633,A222,790640,793438,0.0,0
634,B222,793438,796007,0.0,0
635,C201,796236,799193,0.0,0
636,A227,793597,796395,0.0,0
637,B227,796395,798964,0.0,0
638,C206,799193,802150,0.0,0
639,A228,796554,799352,0.0,0
640,B229,799352,801921,0.0,0
641,C207,802150,805107,0.0,0
642,A229,799511,802309,0.0,0
643,B230,802309,804878,0.0,0
644,C364,805107,808064,0.0,0
645,A230,802468,805266,0.0,0
646,B228,805266,807835,0.0,0
647,C191,808064,811021,0.0,0
648,A231,805425,808223,0.0,0
649,B231,808223,810792,0.0,0
650,C208,811021,813978,0.0,0
651,A232,808382,811180,0.0,0
652,B233,811180,813749,0.0,0
653,C209,813978,816935,0.0,0
654,A233,811339,814137,0.0,0
655,B234,814137,816706,0.0,0
656,C210,816935,819892,0.0,0
657,A234,814296,817094,0.0,0
658,B235,817094,819663,0.0,0
659,C211,819892,822849,0.0,0
660,A235,817253,820051,0.0,0
661,B232,820051,822620,0.0,0
662,C182,822849,825806,0.0,0
663,A236,820210,823008,0.0,0
664,B236,823008,825577,0.0,0
665,C212,825806,828763,0.0,0
666,A241,823167,825965,0.0,0
667,B242,825965,828534,0.0,0
668,C220,828763,831720,0.0,0
669,A242,826124,828922,0.0,0
670,B243,828922,831491,0.0,0
671,C223,831720,834677,0.0,0
672,A243,829081,831879,0.0,0
673,B244,831879,834448,0.0,0
674,C224,834677,837634,0.0,0
675,A244,832038,834836,0.0,0
676,B241,834836,837405,0.0,0
677,C185,837634,840591,0.0,0
678,A245,834995,837793,0.0,0
679,B245,837793,840362,0.0,0
680,C225,840591,843548,0.0,0
681,A246,837952,840750,0.0,0
682,B246,840750,843319,0.0,0
683,C226,843548,846505,0.0,0
684,A247,840909,843707,0.0,0
685,B247,843707,846276,0.0,0
686,C227,846505,849462,0.0,0
687,A248,843866,846664,0.0,0
688,B248,846664,849233,0.0,0
689,C228,849462,852419,0.0,0
690,A249,846823,849621,0.0,0
691,B249,849621,852190,0.0,0
692,C229,852419,855376,0.0,0
693,A254,849780,852578,0.0,0
694,B254,852578,855147,0.0,0
695,C233,855376,858333,0.0,0
696,A255,852737,855535,0.0,0
697,B256,855535,858104,0.0,0
698,C234,858333,861290,0.0,0
699,A256,855694,858492,0.0,0
700,B255,858492,861061,0.0,0
701,C222,861290,864247,0.0,0
702,A257,858651,861449,0.0,0
703,B257,861449,864018,0.0,0
704,C235,864247,867204,0.0,0
705,A258,861608,864406,0.0,0
706,B258,864406,866975,0.0,0
707,C276,867204,870161,0.0,0
708,A259,864565,867363,0.0,0
709,B259,867363,869932,0.0,0
710,C236,870161,873118,0.0,0
711,A260,867522,870320,0.0,0
712,B260,870320,872889,0.0,0
713,C238,873118,876075,0.0,0
714,A261,870479,873277,0.0,0
715,B262,873277,875846,0.0,0
716,C240,876075,879032,0.0,0
717,A264,873436,876234,0.0,0
718,B264,876234,878803,0.0,0
719,C242,879032,881989,0.0,0
720,A265,876393,879191,0.0,0
721,B265,879191,881760,0.0,0
722,C243,881989,884946,0.0,0
723,A266,879350,882148,0.0,0
724,B266,882148,884717,0.0,0
725,C244,884946,887903,0.0,0
726,A267,882307,885105,0.0,0
727,B267,885105,887674,0.0,0
728,C245,887903,890860,0.0,0
729,A268,885264,888062,0.0,0
730,B268,888062,890631,0.0,0
731,C246,890860,893817,0.0,0
732,A269,888221,891019,0.0,0
733,B269,891019,893588,0.0,0
734,C247,893817,896774,0.0,0
735,A270,891178,893976,0.0,0
736,B270,893976,896545,0.0,0
737,C248,896774,899731,0.0,0
738,A271,894135,896933,0.0,0
739,B271,896933,899502,0.0,0
740,C251,899731,902688,0.0,0
741,A273,897092,899890,0.0,0
742,B272,899890,902459,0.0,0
743,C217,902688,905645,0.0,0
744,A276,900049,902847,0.0,0
745,B276,902847,905416,0.0,0
746,C256,905645,908602,0.0,0
747,A277,903006,905804,0.0,0
748,B277,905804,908373,0.0,0
749,C355,908602,911559,0.0,0
750,A278,905963,908761,0.0,0
751,B278,908761,911330,0.0,0
752,C257,911559,914516,0.0,0
753,A279,908920,911718,0.0,0
754,B280,911718,914287,0.0,0
755,C260,914516,917473,0.0,0
756,A281,911877,914675,0.0,0
757,B281,914675,917244,0.0,0
758,C262,917473,920430,0.0,0
759,A282,914834,917632,0.0,0
760,B282,917632,920201,0.0,0
761,C263,920430,923387,0.0,0
762,A283,917791,920589,0.0,0
763,B283,920589,923158,0.0,0
764,C264,923387,926344,0.0,0
765,A296,920748,923546,0.0,0
766,B296,923546,926115,0.0,0
767,C280,926344,929301,0.0,0
768,A297,923705,926503,0.0,0
769,B297,926503,929072,0.0,0
770,C279,929301,932258,0.0,0
771,A298,926662,929460,0.0,0
772,B299,929460,932029,0.0,0
773,C281,932258,935215,0.0,0
774,A300,929619,932417,0.0,0
775,B300,932417,934986,0.0,0
776,C360,935215,938172,0.0,0
777,A301,932576,935374,0.0,0
778,B301,935374,937943,0.0,0
779,C282,938172,941129,0.0,0
780,A302,935533,938331,0.0,0
781,B302,938331,940900,0.0,0
782,C283,941129,944086,0.0,0
783,A303,938490,941288,0.0,0
784,B303,941288,943857,0.0,0
785,C284,944086,947043,0.0,0
786,A304,941447,944245,0.0,0
787,B304,944245,946814,0.0,0
788,C286,947043,950000,0.0,0
789,A308,944404,947202,0.0,0
790,B308,947202,949771,0.0,0
791,C291,950000,952957,0.0,0
792,A309,947361,950159,0.0,0
793,B309,950159,952728,0.0,0
794,C292,952957,955914,0.0,0
795,A310,950318,953116,0.0,0
796,B310,953116,955685,0.0,0
797,C293,955914,958871,0.0,0
798,A311,953275,956073,0.0,0
799,B311,956073,958642,0.0,0
800,C294,958871,961828,0.0,0
801,A312,956232,959030,0.0,0
802,B312,959030,961599,0.0,0
803,C295,961828,964785,0.0,0
804,A313,959189,961987,0.0,0
805,B313,961987,964556,0.0,0
806,C296,964785,967742,0.0,0
807,A314,962146,964944,0.0,0
808,B314,964944,967513,0.0,0
809,C297,967742,970699,0.0,0
810,A315,965103,967901,0.0,0
811,B315,967901,970470,0.0,0
812,C299,970699,973656,0.0,0
813,A320,968060,970858,0.0,0
814,B320,970858,973427,0.0,0
815,C304,973656,976613,0.0,0
816,A321,971017,973815,0.0,0
817,B321,973815,976384,0.0,0
818,C305,976613,979570,0.0,0
819,A322,973974,976772,0.0,0
820,B322,976772,979341,0.0,0
821,C306,979570,982527,0.0,0
822,A323,976931,979729,0.0,0
823,B323,979729,982298,0.0,0
824,C307,982527,985484,0.0,0
825,A324,979888,982686,0.0,0
826,B324,982686,985255,0.0,0
827,C308,985484,988441,0.0,0
828,A325,982845,985643,0.0,0
829,B326,985643,988212,0.0,0
830,C309,988441,991398,0.0,0
831,A326,985802,988600,0.0,0
832,B327,988600,991169,0.0,0
833,C310,991398,994355,0.001248346560846561,0
834,A327,988759,991557,0.0,0
835,B325,991557,994126,0.0,0
836,C271,994355,997312,0.006137566137566139,0
837,A328,991716,994514,0.0,0
838,B328,994514,997083,0.0,0
839,C311,997312,1000269,0.011026785714285713,0
840,A333,994673,997471,0.0,0
841,B333,997471,1000040,0.0,0
842,C316,1000269,1003226,0.01591600529100529,0
843,A334,997630,1000428,0.0,0
844,B334,1000428,1002997,0.0,0
845,C317,1003226,1006183,0.020805224867724872,0
846,A335,1000587,1003385,0.0,0
847,B335,1003385,1005954,0.0,0
848,C318,1006183,1009140,0.025694444444444443,0
849,A336,1003544,1006342,0.0,0
850,B336,1006342,1008911,0.0,0
851,C319,1009140,1012097,0.030583664021164022,0
852,A337,1006501,1009299,0.0,0
853,B337,1009299,1011868,0.0,0
854,C358,1012097,1015054,0.035472883597883594,0
855,A342,1009458,1012256,0.0,0
856,B342,1012256,1014825,0.0,0
857,C326,1015054,1018011,0.04036210317460317,0
858,A343,1012415,1015213,0.0,0
859,B343,1015213,1017782,0.0,0
860,C327,1018011,1020968,0.04525132275132275,0
861,A344,1015372,1018170,0.0,0
862,B344,1018170,1020739,0.0,0
863,C328,1020968,1023925,0.050140542328042326,0
864,A345,1018329,1021127,0.0,0
865,B345,1021127,1023696,0.0,0
866,C329,1023925,1026882,0.05502976190476191,0
867,A346,1021286,1024084,0.0,0
868,B346,1024084,1026653,0.0,0
869,C330,1026882,1029839,0.05991898148148148,0
870,A347,1024243,1027041,0.0,0
871,B347,1027041,1029610,0.0,0
872,C331,1029839,1032796,0.06480820105820106,0
873,A348,1027200,1029998,0.0,0
874,B348,1029998,1032567,0.0,0
875,C332,1032796,1035753,0.06969742063492064,0
876,A352,1030157,1032955,0.0,0
877,B352,1032955,1035524,0.0,0
878,C337,1035753,1038710,0.07458664021164021,0
879,A353,1033114,1035912,0.0,0
880,B353,1035912,1038481,0.0,0
881,C338,1038710,1041667,0.07947585978835979,0
882,A354,1036071,1038869,0.0,0
883,B354,1038869,1041438,0.0,0
884,C339,1041667,1044624,0.08436507936507937,0
885,A355,1039028,1041826,0.0,0
886,B355,1041826,1044395,0.0,0
887,C340,1044624,1047581,0.08925429894179894,0
888,A356,1041985,1044783,0.0,0
889,B356,1044783,1047352,0.0,0
890,C342,1047581,1050538,0.09414351851851853,0
891,A361,1044942,1047740,0.0,0
892,B361,1047740,1050309,0.0,0
893,C347,1050538,1053495,0.09903273809523809,0
894,A362,1047899,1050697,0.0,0
895,B362,1050697,1053266,0.0,0
896,C348,1053495,1056452,0.10392195767195768,0
897,A363,1050856,1053654,0.0,0
898,B363,1053654,1056223,0.0,0
899,C349,1056452,1059409,0.10881117724867724,0
900,A088,1053813,1056611,0.0,0
901,B087,1056611,1059180,0.0,0
902,C065,1059409,1065902,0.11954695767195768,1
903,A112,1060306,1063104,0.0,0
904,B111,1063104,1065673,0.0,0
905,C111,1065902,1068795,0.12433035714285715,0
906,A137,1063199,1065997,0.0,0
907,B135,1065997,1068566,0.0,0
908,C108,1068795,1071688,0.1291137566137566,0
909,A196,1066092,1068890,0.0,0
910,B195,1068890,1071459,0.0,0
911,C156,1071688,1074581,0.13389715608465608,0
912,A214,1068985,1071783,0.0,0
913,B214,1071783,1074352,0.0,0
914,C194,1074581,1077474,0.13868055555555556,0
915,A215,1071878,1074676,0.0,0
916,B215,1074676,1077245,0.0,0
917,C195,1077474,1080367,0.143463955026455,0
918,A223,1074771,1077569,0.0,0
919,B223,1077569,1080138,0.0,0
920,C341,1080367,1083260,0.14824735449735452,0
921,A224,1077664,1080462,0.0,0
922,B224,1080462,1083031,0.0,0
923,C202,1083260,1086153,0.15303075396825397,0
924,A225,1080557,1083355,0.0,0
925,B225,1083355,1085924,0.0,0
926,C203,1086153,1089046,0.15781415343915345,0
927,A226,1083450,1086248,0.0,0
928,B226,1086248,1088817,0.0,0
929,C205,1089046,1091939,0.1625975529100529,0
930,A237,1086343,1089141,0.0,0
931,B237,1089141,1091710,0.0,0
932,C213,1091939,1094832,0.16738095238095238,0
933,A238,1089236,1092034,0.0,0
934,B238,1092034,1094603,0.0,0
935,C214,1094832,1097725,0.17216435185185183,0
936,A239,1092129,1094927,0.0,0
937,B239,1094927,1097496,0.0,0
938,C215,1097725,1100618,0.1769477513227513,0
939,A240,1095022,1097820,0.0,0
940,B240,1097820,1100389,0.0,0
941,C219,1100618,1103511,0.1817311507936508,0
942,A250,1097915,1100713,0.0,0
943,B250,1100713,1103282,0.0,0
944,C353,1103511,1106404,0.18651455026455027,0
945,A251,1100808,1103606,0.0,0
946,B252,1103606,1106175,0.0,0
947,C231,1106404,1109297,0.19129794973544975,0
948,A252,1103701,1106499,0.0,0
949,B253,1106499,1109068,0.0,0
950,C232,1109297,1112190,0.19608134920634923,0
951,A253,1106594,1109392,0.0,0
952,B251,1109392,1111961,0.0,0
953,C230,1112190,1115083,0.20086474867724868,0
954,A262,1109487,1112285,0.0,0
955,B261,1112285,1114854,0.0,0
956,C204,1115083,1117976,0.20564814814814816,0
957,A263,1112380,1115178,0.0,0
958,B263,1115178,1117747,0.0,0
959,C241,1117976,1120869,0.21043154761904762,0
960,A272,1115273,1118071,0.0,0
961,B273,1118071,1120640,0.0,0
962,C252,1120869,1123762,0.2152149470899471,0
963,A274,1118166,1120964,0.0,0
964,B274,1120964,1123533,0.0,0
965,C253,1123762,1126655,0.21999834656084655,0
966,A275,1121059,1123857,0.0,0
967,B275,1123857,1126426,0.0,0
968,C255,1126655,1129548,0.22478174603174605,0
969,A280,1123952,1126750,0.0,0
970,B279,1126750,1129319,0.0,0
971,C237,1129548,1132441,0.2295651455026455,0
972,A284,1126845,1129643,0.0,0
973,B284,1129643,1132212,0.0,0
974,C265,1132441,1135334,0.234348544973545,0
975,A285,1129738,1132536,0.0,0
976,B285,1132536,1135105,0.0,0
977,C266,1135334,1138227,0.23913194444444444,0
978,A286,1132631,1135429,0.0,0
979,B286,1135429,1137998,0.0,0
980,C267,1138227,1141120,0.24391534391534392,0
981,A287,1135524,1138322,0.0,0
982,B287,1138322,1140891,0.0,0
983,C285,1141120,1144013,0.24869874338624337,0
984,A292,1138417,1141215,0.0,0
985,B292,1141215,1143784,0.0,0
986,C274,1144013,1146906,0.2534821428571428,0
987,A293,1141310,1144108,0.0,0
988,B293,1144108,1146677,0.0,0
989,C275,1146906,1149799,0.25826554232804233,0
990,A294,1144203,1147001,0.0,0
991,B294,1147001,1149570,0.0,0
992,C277,1149799,1152692,0.2630489417989418,0
993,A295,1147096,1149894,0.0,0
994,B295,1149894,1152463,0.0,0
995,C278,1152692,1155585,0.2678323412698413,0
996,A299,1149989,1152787,0.0,0
997,B298,1152787,1155356,0.0,0
998,C239,1155585,1158478,0.27261574074074074,0
999,A305,1152882,1155680,0.0,0
1000,B305,1155680,1158249,0.0,0
1001,C288,1158478,1161371,0.2773991402116402,0
1002,A306,1155775,1158573,0.0,0
1003,B306,1158573,1161142,0.0,0
1004,C289,1161371,1164264,0.28218253968253965,0
1005,A307,1158668,1161466,0.0,0
1006,B307,1161466,1164035,0.0,0
1007,C290,1164264,1167157,0.28696593915343915,0
1008,A316,1161561,1164359,0.0,0
1009,B316,1164359,1166928,0.0,0
1010,C300,1167157,1170050,0.2917493386243386,0
1011,A317,1164454,1167252,0.0,0
1012,B317,1167252,1169821,0.0,0
1013,C301,1170050,1172943,0.2965327380952381,0
1014,A318,1167347,1170145,0.0,0
1015,B318,1170145,1172714,0.0,0
1016,C302,1172943,1175836,0.30131613756613757,0
1017,A319,1170240,1173038,0.0,0
1018,B319,1173038,1175607,0.0,0
1019,C303,1175836,1178729,0.306099537037037,0
1020,A329,1173133,1175931,0.0,0
1021,B329,1175931,1178500,0.0,0
1022,C313,1178729,1181622,0.31088293650793647,0
1023,A330,1176026,1178824,0.0,0
1024,B330,1178824,1181393,0.0,0
1025,C314,1181622,1184515,0.3156663359788359,0
1026,A331,1178919,1181717,0.0,0
1027,B331,1181717,1184286,0.0,0
1028,C315,1184515,1187408,0.32044973544973543,0
1029,A332,1181812,1184610,0.0,0
1030,B332,1184610,1187179,0.0,0
1031,C354,1187408,1190301,0.32523313492063494,0
1032,A338,1184705,1187503,0.0,0
1033,B338,1187503,1190072,0.0,0
1034,C321,1190301,1193194,0.3300165343915344,0
1035,A339,1187598,1190396,0.0,0
1036,B339,1190396,1192965,0.0,0
1037,C323,1193194,1196087,0.3347999338624339,0
1038,A340,1190491,1193289,0.0,0
1039,B340,1193289,1195858,0.0,0
1040,C324,1196087,1198980,0.33958333333333335,0
1041,A341,1193384,1196182,0.0,0
1042,B341,1196182,1198751,0.0,0
1043,C325,1198980,1201873,0.3443667328042328,0
1044,A349,1196277,1199075,0.0,0
1045,B349,1199075,1201644,0.0,0
1046,C333,1201873,1204766,0.34915013227513225,0
1047,A350,1199170,1201968,0.0,0
1048,B350,1201968,1204537,0.0,0
1049,C335,1204766,1207659,0.3539335317460317,0
1050,A351,1202063,1204861,0.0,0
1051,B351,1204861,1207430,0.0,0
1052,C336,1207659,1210552,0.35871693121693127,0
1053,A357,1204956,1207754,0.0,0
1054,B357,1207754,1210323,0.0,0
1055,C343,1210552,1213445,0.3635003306878307,0
1056,A358,1207849,1210647,0.0,0
1057,B358,1210647,1213216,0.0,0
1058,C344,1213445,1216338,0.36828373015873017,0
1059,A359,1210742,1213540,0.0,0
1060,B359,1213540,1216109,0.0,0
1061,C345,1216338,1219231,0.3730671296296296,0
1062,A360,1213635,1216433,0.0,0
1063,B360,1216433,1219002,0.0,0
1064,C346,1219231,1222124,0.37785052910052913,0
1065,A364,1216528,1219326,0.0,0
1066,B364,1219326,1221895,0.0,0
1067,C350,1222124,1225017,0.3826339285714286,0
1068,A365,1219421,1222219,0.0,0
1069,B365,1222219,1224788,0.0,0
1070,C351,1225017,1227910,0.38741732804232804,0
1071,A366,1222314,1223014,0.0,0
1072,B366,1225112,1225754,0.0,0
1073,C357,1227910,1228633,0.3886127645502645,0
1074,A208,1223037,1225783,0.0,0
1075,B208,1225835,1228356,0.0,0
1076,C216,1228633,1235072,0.39925925925925926,1
1077,A209,1229476,1232222,0.0,0
1078,B209,1232274,1234795,0.0,0
1079,C189,1235072,1237911,0.40395337301587303,0
1080,A210,1232315,1235061,0.0,0
1081,B210,1235113,1237634,0.0,0
1082,C190,1237911,1240750,0.40864748677248675,0
1083,A211,1235154,1237900,0.0,0
1084,B211,1237952,1240473,0.0,0
1085,C192,1240750,1243589,0.41334160052910046,0
1086,A288,1237993,1240739,0.0,0
1087,B288,1240791,1243312,0.0,0
1088,C268,1243589,1246428,0.41803571428571434,0
1089,A289,1240832,1243578,0.0,0
1090,B289,1243630,1246151,0.0,0
1091,C270,1246428,1249267,0.42272982804232806,0
1092,A290,1243671,1246417,0.0,0
1093,B290,1246469,1248990,0.0,0
1094,C272,1249267,1252106,0.42742394179894183,0
1095,A291,1246510,1249256,0.0,0
1096,B291,1249308,1251829,0.0,0
1097,C273,1252106,1254945,0.43211805555555555,0
